-- phpMyAdmin SQL Dump
-- version 3.5.1
-- http://www.phpmyadmin.net
--
-- Φιλοξενητής: localhost
-- Χρόνος δημιουργίας: 20 Απρ 2013 στις 20:18:59
-- Έκδοση διακομιστή: 5.5.24-log
-- Έκδοση PHP: 5.4.3

SET SQL_MODE="NO_AUTO_VALUE_ON_ZERO";
SET time_zone = "+00:00";


/*!40101 SET @OLD_CHARACTER_SET_CLIENT=@@CHARACTER_SET_CLIENT */;
/*!40101 SET @OLD_CHARACTER_SET_RESULTS=@@CHARACTER_SET_RESULTS */;
/*!40101 SET @OLD_COLLATION_CONNECTION=@@COLLATION_CONNECTION */;
/*!40101 SET NAMES utf8 */;

--
-- Βάση: `easy_appointments`
--

-- --------------------------------------------------------

--
-- Δομή πίνακα για τον πίνακα `ea_appointments`
--

CREATE TABLE IF NOT EXISTS `ea_appointments` (
  `id` bigint(20) unsigned NOT NULL AUTO_INCREMENT,
  `start_datetime` datetime DEFAULT NULL,
  `end_datetime` datetime DEFAULT NULL,
  `notes` text,
  `id_users_provider` bigint(20) unsigned NOT NULL,
  `id_users_customer` bigint(20) unsigned NOT NULL,
  `id_services` bigint(20) unsigned NOT NULL,
  PRIMARY KEY (`id`),
  KEY `id_users_customer` (`id_users_customer`),
  KEY `id_services` (`id_services`),
  KEY `id_users_provider` (`id_users_provider`)
) ENGINE=InnoDB  DEFAULT CHARSET=utf8 AUTO_INCREMENT=18 ;

-- --------------------------------------------------------

--
-- Δομή πίνακα για τον πίνακα `ea_roles`
--

CREATE TABLE IF NOT EXISTS `ea_roles` (
  `id` bigint(20) unsigned NOT NULL AUTO_INCREMENT,
  `name` varchar(256) DEFAULT NULL,
  `slug` varchar(256) DEFAULT NULL,
  `is_admin` tinyint(4) DEFAULT NULL COMMENT '0',
  `services` int(4) DEFAULT NULL COMMENT '0',
  `providers` int(4) DEFAULT NULL COMMENT '0',
  `customers` int(4) DEFAULT NULL COMMENT '0',
  `notifications` int(4) DEFAULT NULL COMMENT '0',
  `appointments` int(4) DEFAULT NULL COMMENT '0',
  PRIMARY KEY (`id`)
) ENGINE=InnoDB  DEFAULT CHARSET=utf8 AUTO_INCREMENT=4 ;

--
-- Άδειασμα δεδομένων του πίνακα `ea_roles`
--

INSERT INTO `ea_roles` (`id`, `name`, `slug`, `is_admin`, `services`, `providers`, `customers`, `notifications`, `appointments`) VALUES
(1, 'Administrator', 'administrator', 1, 15, 15, 15, 15, 15),
(2, 'Provider', 'provider', 0, 0, 0, 15, 0, 15),
(3, 'Customer', 'customer', 0, 0, 0, 0, 0, 0);

-- --------------------------------------------------------

--
-- Δομή πίνακα για τον πίνακα `ea_services`
--

CREATE TABLE IF NOT EXISTS `ea_services` (
  `id` bigint(20) unsigned NOT NULL AUTO_INCREMENT,
  `name` varchar(256) DEFAULT NULL,
  `duration` int(11) DEFAULT NULL,
  `price` decimal(10,2) DEFAULT NULL,
  `currency` varchar(32) DEFAULT NULL,
  `description` text,
  `id_service_categories` bigint(20) unsigned DEFAULT NULL,
  PRIMARY KEY (`id`),
  KEY `id_service_categories` (`id_service_categories`)
) ENGINE=InnoDB  DEFAULT CHARSET=utf8 AUTO_INCREMENT=4 ;

--
-- Άδειασμα δεδομένων του πίνακα `ea_services`
--

INSERT INTO `ea_services` (`id`, `name`, `duration`, `price`, `currency`, `description`, `id_service_categories`) VALUES
(1, 'Γενική Εξέταση', 20, '50.00', 'euro', 'Γενική εξέταση του ασθενή.', NULL),
(2, 'Εξέταση Καρδιάς', 30, '40.00', 'euro', 'Εξέταση του ασθενή για νοσήματα καρδιάς.', NULL),
(3, 'Νευρολογική Εξέταση', 20, '35.00', 'euro', 'Νευρολογική εξέταση του ασθενή.', NULL);

-- --------------------------------------------------------

--
-- Δομή πίνακα για τον πίνακα `ea_services_providers`
--

CREATE TABLE IF NOT EXISTS `ea_services_providers` (
  `id_users` bigint(20) unsigned NOT NULL,
  `id_services` bigint(20) unsigned NOT NULL,
  PRIMARY KEY (`id_users`,`id_services`),
  KEY `id_services` (`id_services`)
) ENGINE=InnoDB DEFAULT CHARSET=utf8;

--
-- Άδειασμα δεδομένων του πίνακα `ea_services_providers`
--

INSERT INTO `ea_services_providers` (`id_users`, `id_services`) VALUES
(1, 1),
(2, 1),
(3, 1),
(4, 1),
(3, 2),
(4, 2),
(2, 3),
(3, 3);

-- --------------------------------------------------------

--
-- Δομή πίνακα για τον πίνακα `ea_service_categories`
--

CREATE TABLE IF NOT EXISTS `ea_service_categories` (
  `id` bigint(20) unsigned NOT NULL AUTO_INCREMENT,
  `name` varchar(256) DEFAULT NULL,
  `description` text,
  PRIMARY KEY (`id`)
) ENGINE=InnoDB DEFAULT CHARSET=utf8 AUTO_INCREMENT=1 ;

-- --------------------------------------------------------

--
-- Δομή πίνακα για τον πίνακα `ea_settings`
--

CREATE TABLE IF NOT EXISTS `ea_settings` (
  `id` bigint(20) unsigned NOT NULL AUTO_INCREMENT,
  `name` varchar(512) DEFAULT NULL,
  `value` longtext,
  PRIMARY KEY (`id`)
) ENGINE=InnoDB  DEFAULT CHARSET=utf8 AUTO_INCREMENT=4 ;

--
-- Άδειασμα δεδομένων του πίνακα `ea_settings`
--

INSERT INTO `ea_settings` (`id`, `name`, `value`) VALUES
(1, 'business_name', 'Javation & Co'),
(2, 'business_working_hours', '{}'),
(3, NULL, NULL);

-- --------------------------------------------------------

--
-- Δομή πίνακα για τον πίνακα `ea_users`
--

CREATE TABLE IF NOT EXISTS `ea_users` (
  `id` bigint(20) unsigned NOT NULL AUTO_INCREMENT,
  `username` varchar(256) DEFAULT NULL,
  `password` varchar(512) DEFAULT NULL,
  `first_name` varchar(256) DEFAULT NULL,
  `last_name` varchar(512) DEFAULT NULL,
  `email` varchar(512) DEFAULT NULL,
  `mobile_number` varchar(128) DEFAULT NULL,
  `phone_number` varchar(128) DEFAULT NULL,
  `address` varchar(256) DEFAULT NULL,
  `city` varchar(256) DEFAULT NULL,
  `state` varchar(128) DEFAULT NULL,
  `zip_code` varchar(64) DEFAULT NULL,
  `notes` text,
  `id_roles` bigint(20) unsigned NOT NULL,
  PRIMARY KEY (`id`),
  KEY `id_roles` (`id_roles`)
) ENGINE=InnoDB  DEFAULT CHARSET=utf8 AUTO_INCREMENT=35 ;

--
-- Άδειασμα δεδομένων του πίνακα `ea_users`
--

INSERT INTO `ea_users` (`id`, `username`, `password`, `first_name`, `last_name`, `email`, `mobile_number`, `phone_number`, `address`, `city`, `state`, `zip_code`, `notes`, `id_roles`) VALUES
(1, 'admin', 'admin', 'Alex', 'Tselegidis', 'alextselegidis@gmail.com', '123456789', '987654321', 'Pantazopoulou 11', 'Thessaloniki', NULL, '56121', 'This is me making Easy!Appointments', 1),
(2, 'provider_1', 'provider_1', 'Γιώργος', 'Παπαδόπουλος', 'prov1@testing.gr', '1212121212', '2121212121', 'John Doe 23', 'Washington DC', NULL, '12345', 'This is a test provider', 2),
(3, 'provider_2', 'provider_2', 'Νίκος', 'Αναστασίου', 'prov2@test.gr', '1313133113131', '32132165146', 'Some Street 3', NULL, NULL, NULL, NULL, 2),
(4, 'provider_3', 'provider_3', 'Ηρώ', 'Καριοφύλη', 'prov3@test.gr', '239203490', '029340923', 'John Doe 3 ', NULL, NULL, NULL, NULL, 2);

--
-- Περιορισμοί για άχρηστους πίνακες
--

--
-- Περιορισμοί για πίνακα `ea_appointments`
--
ALTER TABLE `ea_appointments`
  ADD CONSTRAINT `ea_appointments_ibfk_2` FOREIGN KEY (`id_users_customer`) REFERENCES `ea_users` (`id`) ON DELETE CASCADE ON UPDATE CASCADE,
  ADD CONSTRAINT `ea_appointments_ibfk_3` FOREIGN KEY (`id_services`) REFERENCES `ea_services` (`id`) ON DELETE CASCADE ON UPDATE CASCADE,
  ADD CONSTRAINT `ea_appointments_ibfk_4` FOREIGN KEY (`id_users_provider`) REFERENCES `ea_users` (`id`) ON DELETE CASCADE ON UPDATE CASCADE;

--
-- Περιορισμοί για πίνακα `ea_services`
--
ALTER TABLE `ea_services`
  ADD CONSTRAINT `ea_services_ibfk_1` FOREIGN KEY (`id_service_categories`) REFERENCES `ea_service_categories` (`id`) ON DELETE CASCADE ON UPDATE CASCADE;

--
-- Περιορισμοί για πίνακα `ea_services_providers`
--
ALTER TABLE `ea_services_providers`
  ADD CONSTRAINT `ea_services_providers_ibfk_1` FOREIGN KEY (`id_users`) REFERENCES `ea_users` (`id`) ON DELETE CASCADE ON UPDATE CASCADE,
  ADD CONSTRAINT `ea_services_providers_ibfk_2` FOREIGN KEY (`id_services`) REFERENCES `ea_services` (`id`) ON DELETE CASCADE ON UPDATE CASCADE;

--
-- Περιορισμοί για πίνακα `ea_users`
--
ALTER TABLE `ea_users`
  ADD CONSTRAINT `ea_users_ibfk_1` FOREIGN KEY (`id_roles`) REFERENCES `ea_roles` (`id`) ON DELETE CASCADE ON UPDATE CASCADE;

/*!40101 SET CHARACTER_SET_CLIENT=@OLD_CHARACTER_SET_CLIENT */;
/*!40101 SET CHARACTER_SET_RESULTS=@OLD_CHARACTER_SET_RESULTS */;
/*!40101 SET COLLATION_CONNECTION=@OLD_COLLATION_CONNECTION */;
